9853,Shawna                          ,Garcia                          ,"Conservation officer, nature                                                                                                    ",ipham@example.net,effect                                                                                                                          ,463
5928,Eric                            ,Nelson                          ,Educational psychologist                                                                                                        ,rhudson@example.org,half                                                                                                                            ,191
8023,Misty                           ,Brown                           ,"Editor, film/video                                                                                                              ",moorerebecca@example.org,view                                                                                                                            ,229
4502,Darlene                         ,Harris                          ,Mechanical engineer                                                                                                             ,harrisamanda@example.net,new                                                                                                                             ,432
4689,Joseph                          ,Johnson                         ,Technical sales engineer                                                                                                        ,hermankimberly@example.com,ahead                                                                                                                           ,246
8017,James                           ,Shaw                            ,Art gallery manager                                                                                                             ,ffletcher@example.net,million                                                                                                                         ,175
2455,Jessica                         ,Weaver                          ,Futures trader                                                                                                                  ,ashley46@example.org,same                                                                                                                            ,140
3557,Mark                            ,Mckenzie                        ,Aid worker                                                                                                                      ,cody23@example.net,modern                                                                                                                          ,55
2534,Nathan                          ,Mcguire                         ,Firefighter                                                                                                                     ,lfrank@example.com,interest                                                                                                                        ,277
3141,Katherine                       ,Hall                            ,"Designer, fashion/clothing                                                                                                      ",hendrixmark@example.org,serve                                                                                                                           ,5
6984,Brianna                         ,Brown                           ,"Accountant, chartered                                                                                                           ",pmalone@example.com,during                                                                                                                          ,307
7287,Benjamin                        ,Mendoza                         ,Public affairs consultant                                                                                                       ,bauermelissa@example.net,apply                                                                                                                           ,152
4704,Angela                          ,Davis                           ,Information officer                                                                                                             ,jodyprice@example.org,side                                                                                                                            ,458
8041,Elizabeth                       ,Kelley                          ,"Producer, radio                                                                                                                 ",fcarter@example.org,sister                                                                                                                          ,384
61,John                            ,Wang                            ,Theme park manager                                                                                                              ,meagan19@example.com,side                                                                                                                            ,303
3767,Carrie                          ,Hartman                         ,Animator                                                                                                                        ,greenejeremiah@example.com,question                                                                                                                        ,324
3046,Michael                         ,Williams                        ,Training and development officer                                                                                                ,nbennett@example.net,Republican                                                                                                                      ,348
8936,Eric                            ,Adams                           ,Phytotherapist                                                                                                                  ,riveraapril@example.net,capital                                                                                                                         ,19
7957,Colin                           ,Morrison                        ,Site engineer                                                                                                                   ,teresamoreno@example.org,move                                                                                                                            ,484
5402,Laura                           ,Perez                           ,Fashion designer                                                                                                                ,mooreandrea@example.net,garden                                                                                                                          ,475
469,Matthew                         ,Kim                             ,"Investment banker, corporate                                                                                                    ",carolynbrown@example.net,since                                                                                                                           ,229
3362,Sarah                           ,Gonzalez                        ,Recruitment consultant                                                                                                          ,ewhitaker@example.org,sport                                                                                                                           ,243
9667,Edward                          ,Ball                            ,Conference centre manager                                                                                                       ,zjohnson@example.org,go                                                                                                                              ,349
7302,Robert                          ,Gomez                           ,"Geneticist, molecular                                                                                                           ",pwalker@example.com,blood                                                                                                                           ,206
8782,Antonio                         ,Simon                           ,"Surveyor, minerals                                                                                                              ",bradleysteven@example.com,level                                                                                                                           ,140